epoch,accuracy,loss,val_accuracy,val_loss
0,0.4961884915828705,2.1534767150878906,0.5242718458175659,0.8390147089958191
1,0.5128205418586731,0.8544563055038452,0.47087377309799194,0.8558440804481506
2,0.5254677534103394,0.8706084489822388,0.5449029207229614,0.9897780418395996
3,0.5362092852592468,0.8230160474777222,0.49757280945777893,0.8483318090438843
4,0.534996509552002,0.836146891117096,0.47087377309799194,0.8497492074966431
5,0.5504158139228821,0.8014576435089111,0.5461165308952332,0.9751516580581665
