epoch,accuracy,loss,val_accuracy,val_loss
0,0.7546777725219727,1.817986011505127,0.8082524538040161,0.6690648794174194
1,0.8047470450401306,0.6680225729942322,0.8118932247161865,0.5901957154273987
2,0.8154885768890381,0.5784797668457031,0.8118932247161865,0.6026909947395325
3,0.8179140686988831,0.5801851153373718,0.8118932247161865,0.6717098951339722
4,0.8179140686988831,0.5711477398872375,0.8118932247161865,0.5985147356987
5,0.8163548111915588,0.5632933974266052,0.8118932247161865,0.6068572402000427
6,0.8215523362159729,0.5444947481155396,0.8118932247161865,0.5946832299232483
