epoch,accuracy,loss,val_accuracy,val_loss
0,0.5263340473175049,0.9800082445144653,0.43446603417396545,0.8199700117111206
1,0.5332640409469604,0.8034221529960632,0.5461165308952332,0.7833455801010132
2,0.5348232984542847,0.7935215830802917,0.5461165308952332,0.7802637219429016
3,0.537595272064209,0.7909120917320251,0.5461165308952332,0.7831653356552124
4,0.5348232984542847,0.7935030460357666,0.5461165308952332,0.7860099077224731
5,0.540194034576416,0.7886812090873718,0.5461165308952332,0.7818136811256409
6,0.542792797088623,0.7894797921180725,0.5461165308952332,0.7903066277503967
7,0.5440055727958679,0.7858741283416748,0.5461165308952332,0.7841452956199646
