epoch,accuracy,loss,val_accuracy,val_loss
0,0.582813560962677,1.1930675506591797,0.655339777469635,0.8764445185661316
1,0.6013513803482056,0.9468962550163269,0.655339777469635,0.8878006935119629
2,0.6010048389434814,0.9357339143753052,0.655339777469635,0.8836255669593811
3,0.6011781096458435,0.9292322993278503,0.655339777469635,0.8773468732833862
4,0.6013513803482056,0.9283301830291748,0.655339777469635,0.8786767721176147
5,0.6016978621482849,0.9277957677841187,0.655339777469635,0.8772182464599609
